{"cameraMode":{"drawMode":0,"name":"Shaded","section":"Shading Mode"},"sceneLighting":false,"audioPlay":false,"sceneViewState":{"showFog":true,"showMaterialUpdate":false,"showSkybox":false,"showFlares":true,"showImageEffects":true,"showParticleSystems":true},"in2DMode":false,"pivot":{"x":29.980812072753908,"y":14.63064193725586,"z":65.31270599365235},"rotation":{"x":0.05706317350268364,"y":0.08465399593114853,"z":-0.004857372958213091,"w":0.9947819113731384},"size":43.21750259399414,"orthographic":false}