{"cameraMode":{"drawMode":0,"name":"Shaded","section":"Shading Mode"},"sceneLighting":true,"audioPlay":false,"sceneViewState":{"showFog":true,"showMaterialUpdate":false,"showSkybox":true,"showFlares":true,"showImageEffects":true,"showParticleSystems":true},"in2DMode":false,"pivot":{"x":1696.2838134765625,"y":122.2215805053711,"z":623.4815673828125},"rotation":{"x":-0.3384615182876587,"y":-0.012140734121203423,"z":0.004369646310806274,"w":-0.9408965706825256},"size":139.20286560058595,"orthographic":false}