{"cameraMode":{"drawMode":0,"name":"Shaded","section":"Shading Mode"},"sceneLighting":true,"audioPlay":false,"sceneViewState":{"showFog":true,"showMaterialUpdate":false,"showSkybox":true,"showFlares":true,"showImageEffects":true,"showParticleSystems":true},"in2DMode":false,"pivot":{"x":1611.69970703125,"y":103.3365249633789,"z":430.542236328125},"rotation":{"x":-0.18736325204372407,"y":-0.5088599324226379,"z":0.11453992873430252,"w":-0.8323951363563538},"size":2.684945583343506,"orthographic":false}