{"cameraMode":{"drawMode":0,"name":"Shaded","section":"Shading Mode"},"sceneLighting":true,"audioPlay":false,"sceneViewState":{"showFog":true,"showMaterialUpdate":false,"showSkybox":true,"showFlares":true,"showImageEffects":true,"showParticleSystems":true},"in2DMode":false,"pivot":{"x":1721.0,"y":69.31900024414063,"z":344.9749450683594},"rotation":{"x":-0.30705976486206057,"y":0.25337356328964236,"z":-0.08517780154943466,"w":-0.9133814573287964},"size":4.768731117248535,"orthographic":false}