{"cameraMode":{"drawMode":0,"name":"Shaded","section":"Shading Mode"},"sceneLighting":true,"audioPlay":false,"sceneViewState":{"showFog":true,"showMaterialUpdate":false,"showSkybox":true,"showFlares":true,"showImageEffects":true,"showParticleSystems":true},"in2DMode":false,"pivot":{"x":1743.6243896484375,"y":100.46454620361328,"z":334.3184509277344},"rotation":{"x":0.01195463351905346,"y":0.8858657479286194,"z":-0.46323084831237795,"w":0.02286105789244175},"size":1.5117011070251465,"orthographic":false}