{"cameraMode":{"drawMode":0,"name":"Shaded","section":"Shading Mode"},"sceneLighting":true,"audioPlay":false,"sceneViewState":{"showFog":true,"showMaterialUpdate":false,"showSkybox":true,"showFlares":true,"showImageEffects":true,"showParticleSystems":true},"in2DMode":false,"pivot":{"x":1786.0364990234375,"y":10.8624267578125,"z":662.7783203125},"rotation":{"x":-0.2140250951051712,"y":0.13489316403865815,"z":-0.02984337881207466,"w":-0.9670257568359375},"size":1022.1156616210938,"orthographic":false}