{"cameraMode":{"drawMode":0,"name":"Shaded","section":"Shading Mode"},"sceneLighting":true,"audioPlay":false,"sceneViewState":{"showFog":true,"showMaterialUpdate":false,"showSkybox":true,"showFlares":true,"showImageEffects":true,"showParticleSystems":true},"in2DMode":false,"pivot":{"x":1744.028076171875,"y":99.55973815917969,"z":334.1119384765625},"rotation":{"x":-0.12141338735818863,"y":0.7680796980857849,"z":-0.15290771424770356,"w":-0.6098698973655701},"size":3.9898197650909426,"orthographic":false}