{"cameraMode":{"drawMode":0,"name":"Shaded","section":"Shading Mode"},"sceneLighting":true,"audioPlay":false,"sceneViewState":{"showFog":true,"showMaterialUpdate":false,"showSkybox":true,"showFlares":true,"showImageEffects":true,"showParticleSystems":true},"in2DMode":false,"pivot":{"x":514.4630126953125,"y":242.5972900390625,"z":381.9957580566406},"rotation":{"x":-0.439203679561615,"y":-0.06511581689119339,"z":0.031942218542099,"w":-0.8954619765281677},"size":1045.300048828125,"orthographic":false}