{"cameraMode":{"drawMode":0,"name":"Shaded","section":"Shading Mode"},"sceneLighting":true,"audioPlay":false,"sceneViewState":{"showFog":true,"showMaterialUpdate":false,"showSkybox":true,"showFlares":true,"showImageEffects":true,"showParticleSystems":true},"in2DMode":false,"pivot":{"x":1412.1407470703125,"y":477.86517333984377,"z":20.235107421875},"rotation":{"x":0.25785139203071597,"y":-0.037669647485017779,"z":0.01006130501627922,"w":0.9654009342193604},"size":1658.7449951171875,"orthographic":false}