{"cameraMode":{"drawMode":0,"name":"Shaded","section":"Shading Mode"},"sceneLighting":true,"audioPlay":false,"sceneViewState":{"showFog":true,"showMaterialUpdate":false,"showSkybox":true,"showFlares":true,"showImageEffects":true,"showParticleSystems":true},"in2DMode":false,"pivot":{"x":1509.465087890625,"y":72.32250213623047,"z":737.0311889648438},"rotation":{"x":0.4160282015800476,"y":0.07894685864448548,"z":-0.03628411144018173,"w":0.9051934480667114},"size":1267.76904296875,"orthographic":false}