{"cameraMode":{"drawMode":0,"name":"Shaded","section":"Shading Mode"},"sceneLighting":true,"audioPlay":false,"sceneViewState":{"showFog":true,"showMaterialUpdate":false,"showSkybox":true,"showFlares":true,"showImageEffects":true,"showParticleSystems":true},"in2DMode":false,"pivot":{"x":531.3818359375,"y":-2382.745361328125,"z":7940.525390625},"rotation":{"x":-0.2349182367324829,"y":0.03702031821012497,"z":-0.008953998796641827,"w":-0.9712699055671692},"size":11903.30078125,"orthographic":false}