{"cameraMode":{"drawMode":0,"name":"Shaded","section":"Shading Mode"},"sceneLighting":true,"audioPlay":false,"sceneViewState":{"showFog":true,"showMaterialUpdate":false,"showSkybox":true,"showFlares":true,"showImageEffects":true,"showParticleSystems":true},"in2DMode":false,"pivot":{"x":1743.7537841796875,"y":67.79226684570313,"z":334.477294921875},"rotation":{"x":-0.09937233477830887,"y":0.8442134261131287,"z":-0.16805657744407655,"w":-0.49918583035469057},"size":3.7005791664123537,"orthographic":false}