{"cameraMode":{"drawMode":0,"name":"Shaded","section":"Shading Mode"},"sceneLighting":true,"audioPlay":false,"sceneViewState":{"showFog":true,"showMaterialUpdate":false,"showSkybox":true,"showFlares":true,"showImageEffects":true,"showParticleSystems":true},"in2DMode":false,"pivot":{"x":553.5631103515625,"y":107.99506378173828,"z":-24.078231811523439},"rotation":{"x":-0.11665677279233933,"y":-0.6540284156799316,"z":0.1030692458152771,"w":-0.7402994632720947},"size":235.98728942871095,"orthographic":true}