{"cameraMode":{"drawMode":0,"name":"Shaded","section":"Shading Mode"},"sceneLighting":true,"audioPlay":false,"sceneViewState":{"showFog":true,"showMaterialUpdate":false,"showSkybox":true,"showFlares":true,"showImageEffects":true,"showParticleSystems":true},"in2DMode":false,"pivot":{"x":1710.191162109375,"y":70.70051574707031,"z":284.441650390625},"rotation":{"x":-0.16291996836662293,"y":0.640317976474762,"z":-0.14151524007320405,"w":-0.7371789813041687},"size":42.77075958251953,"orthographic":false}