{"cameraMode":{"drawMode":0,"name":"Shaded","section":"Shading Mode"},"sceneLighting":true,"audioPlay":false,"sceneViewState":{"showFog":true,"showMaterialUpdate":false,"showSkybox":true,"showFlares":true,"showImageEffects":true,"showParticleSystems":true},"in2DMode":false,"pivot":{"x":1663.40625,"y":46.1085205078125,"z":52.7353515625},"rotation":{"x":0.004614829085767269,"y":0.7388154864311218,"z":0.005129909608513117,"w":-0.6739057302474976},"size":42.60635757446289,"orthographic":true}