{"cameraMode":{"drawMode":0,"name":"Shaded","section":"Shading Mode"},"sceneLighting":true,"audioPlay":false,"sceneViewState":{"showFog":true,"showMaterialUpdate":false,"showSkybox":true,"showFlares":true,"showImageEffects":true,"showParticleSystems":true},"in2DMode":false,"pivot":{"x":1082.73046875,"y":-898.0053100585938,"z":2400.28662109375},"rotation":{"x":0.2501254677772522,"y":-0.07081391662359238,"z":0.018339958041906358,"w":0.9654607772827148},"size":2074.90771484375,"orthographic":false}