{"cameraMode":{"drawMode":0,"name":"Shaded","section":"Shading Mode"},"sceneLighting":false,"audioPlay":false,"sceneViewState":{"showFog":true,"showMaterialUpdate":false,"showSkybox":false,"showFlares":true,"showImageEffects":true,"showParticleSystems":true},"in2DMode":false,"pivot":{"x":0.012534558773040772,"y":0.0,"z":5.587935447692871e-9},"rotation":{"x":-0.2661387324333191,"y":0.01246460247784853,"z":-0.0034785261377692224,"w":-0.9638881683349609},"size":1.184350848197937,"orthographic":true}