{"cameraMode":{"drawMode":0,"name":"Shaded","section":"Shading Mode"},"sceneLighting":true,"audioPlay":false,"sceneViewState":{"showFog":true,"showMaterialUpdate":false,"showSkybox":true,"showFlares":true,"showImageEffects":true,"showParticleSystems":true},"in2DMode":false,"pivot":{"x":327.2184753417969,"y":136.49168395996095,"z":-9.3880615234375},"rotation":{"x":-0.08984105288982392,"y":0.08712909370660782,"z":-0.007890051230788231,"w":-0.9921079874038696},"size":410.0320129394531,"orthographic":false}