{"cameraMode":{"drawMode":0,"name":"Shaded","section":"Shading Mode"},"sceneLighting":true,"audioPlay":false,"sceneViewState":{"showFog":true,"showMaterialUpdate":false,"showSkybox":true,"showFlares":true,"showImageEffects":true,"showParticleSystems":true},"in2DMode":false,"pivot":{"x":1737.8304443359375,"y":76.20758819580078,"z":318.4693298339844},"rotation":{"x":-0.14665424823760987,"y":0.1313423216342926,"z":-0.019651062786579133,"w":-0.9802373051643372},"size":23.306873321533204,"orthographic":false}