{"cameraMode":{"drawMode":0,"name":"Shaded","section":"Shading Mode"},"sceneLighting":true,"audioPlay":false,"sceneViewState":{"showFog":true,"showMaterialUpdate":false,"showSkybox":true,"showFlares":true,"showImageEffects":true,"showParticleSystems":true},"in2DMode":false,"pivot":{"x":1771.064453125,"y":145.107421875,"z":1043.0927734375},"rotation":{"x":0.075176902115345,"y":-0.645374059677124,"z":0.06417105346918106,"w":0.7574963569641113},"size":17.295703887939454,"orthographic":true}