{"cameraMode":{"drawMode":0,"name":"Shaded","section":"Shading Mode"},"sceneLighting":true,"audioPlay":false,"sceneViewState":{"showFog":true,"showMaterialUpdate":false,"showSkybox":true,"showFlares":true,"showImageEffects":true,"showParticleSystems":true},"in2DMode":false,"pivot":{"x":1743.5888671875,"y":72.21769714355469,"z":345.1885070800781},"rotation":{"x":0.045578483492136,"y":0.023250320926308633,"z":-0.0008410270675085485,"w":0.9987522959709168},"size":7.883150577545166,"orthographic":true}