{"cameraMode":{"drawMode":0,"name":"Shaded","section":"Shading Mode"},"sceneLighting":true,"audioPlay":false,"sceneViewState":{"showFog":true,"showMaterialUpdate":false,"showSkybox":true,"showFlares":true,"showImageEffects":true,"showParticleSystems":true},"in2DMode":false,"pivot":{"x":1545.621826171875,"y":118.95990753173828,"z":596.4624633789063},"rotation":{"x":-0.18386703729629517,"y":0.04453748092055321,"z":-0.008360965177416802,"w":-0.9819216728210449},"size":9.850643157958985,"orthographic":false}