{"cameraMode":{"drawMode":0,"name":"Shaded","section":"Shading Mode"},"sceneLighting":true,"audioPlay":false,"sceneViewState":{"showFog":true,"showMaterialUpdate":false,"showSkybox":true,"showFlares":true,"showImageEffects":true,"showParticleSystems":true},"in2DMode":false,"pivot":{"x":348.3306884765625,"y":41.54158401489258,"z":-18.119110107421876},"rotation":{"x":-0.07370041310787201,"y":-0.033804140985012057,"z":0.0024975298438221218,"w":-0.9967079758644104},"size":292.8573913574219,"orthographic":false}