{"cameraMode":{"drawMode":0,"name":"Shaded","section":"Shading Mode"},"sceneLighting":true,"audioPlay":false,"sceneViewState":{"showFog":true,"showMaterialUpdate":false,"showSkybox":true,"showFlares":true,"showImageEffects":true,"showParticleSystems":true},"in2DMode":false,"pivot":{"x":1743.8017578125,"y":100.47900390625,"z":344.8094482421875},"rotation":{"x":-0.3851794898509979,"y":0.006384808570146561,"z":-0.0027181250043213369,"w":-0.922853946685791},"size":3.2667505741119386,"orthographic":true}