{"cameraMode":{"drawMode":0,"name":"Shaded","section":"Shading Mode"},"sceneLighting":true,"audioPlay":false,"sceneViewState":{"showFog":true,"showMaterialUpdate":false,"showSkybox":true,"showFlares":true,"showImageEffects":true,"showParticleSystems":true},"in2DMode":false,"pivot":{"x":1743.9698486328125,"y":100.55322265625,"z":344.88427734375},"rotation":{"x":-0.21158665418624879,"y":0.630342960357666,"z":-0.18428824841976167,"w":-0.7238884568214417},"size":4.596643924713135,"orthographic":true}