{"cameraMode":{"drawMode":0,"name":"Shaded","section":"Shading Mode"},"sceneLighting":true,"audioPlay":false,"sceneViewState":{"showFog":true,"showMaterialUpdate":false,"showSkybox":true,"showFlares":true,"showImageEffects":true,"showParticleSystems":true},"in2DMode":false,"pivot":{"x":1742.997802734375,"y":71.8892822265625,"z":346.06573486328127},"rotation":{"x":-0.2611178755760193,"y":-0.1234898790717125,"z":0.03359735384583473,"w":-0.956831157207489},"size":5.272258281707764,"orthographic":true}