{"cameraMode":{"drawMode":0,"name":"Shaded","section":"Shading Mode"},"sceneLighting":true,"audioPlay":false,"sceneViewState":{"showFog":true,"showMaterialUpdate":false,"showSkybox":true,"showFlares":true,"showImageEffects":true,"showParticleSystems":true},"in2DMode":false,"pivot":{"x":1030.216064453125,"y":64.32173156738281,"z":2182.068359375},"rotation":{"x":-0.357035756111145,"y":-0.009801795706152916,"z":0.0037280593533068897,"w":-0.934043288230896},"size":88.73745727539063,"orthographic":false}