{"cameraMode":{"drawMode":0,"name":"Shaded","section":"Shading Mode"},"sceneLighting":true,"audioPlay":false,"sceneViewState":{"showFog":true,"showMaterialUpdate":false,"showSkybox":true,"showFlares":true,"showImageEffects":true,"showParticleSystems":true},"in2DMode":false,"pivot":{"x":1745.3114013671875,"y":68.90283966064453,"z":362.02783203125},"rotation":{"x":-0.15616585314273835,"y":0.38046523928642275,"z":-0.06536083668470383,"w":-0.9091813564300537},"size":6.5704522132873539,"orthographic":false}