{"cameraMode":{"drawMode":0,"name":"Shaded","section":"Shading Mode"},"sceneLighting":true,"audioPlay":false,"sceneViewState":{"showFog":true,"showMaterialUpdate":false,"showSkybox":true,"showFlares":true,"showImageEffects":true,"showParticleSystems":true},"in2DMode":false,"pivot":{"x":1743.70166015625,"y":74.1846923828125,"z":345.816162109375},"rotation":{"x":-0.02098444104194641,"y":0.978900671005249,"z":-0.14945881068706513,"w":-0.138013556599617},"size":1.5261930227279664,"orthographic":true}