{"cameraMode":{"drawMode":0,"name":"Shaded","section":"Shading Mode"},"sceneLighting":true,"audioPlay":false,"sceneViewState":{"showFog":true,"showMaterialUpdate":false,"showSkybox":true,"showFlares":true,"showImageEffects":true,"showParticleSystems":true},"in2DMode":false,"pivot":{"x":1743.2955322265625,"y":71.91282653808594,"z":345.9892578125},"rotation":{"x":-0.018155459314584733,"y":-0.4613487720489502,"z":0.009300240315496922,"w":-0.8870532512664795},"size":0.6621968150138855,"orthographic":true}