{"cameraMode":{"drawMode":0,"name":"Shaded","section":"Shading Mode"},"sceneLighting":true,"audioPlay":false,"sceneViewState":{"showFog":true,"showMaterialUpdate":false,"showSkybox":true,"showFlares":true,"showImageEffects":true,"showParticleSystems":true},"in2DMode":false,"pivot":{"x":1730.888427734375,"y":78.40093231201172,"z":364.2154846191406},"rotation":{"x":-0.20904207229614259,"y":0.5605594515800476,"z":-0.14934204518795014,"w":-0.7873618602752686},"size":1426.9461669921875,"orthographic":true}