{"cameraMode":{"drawMode":0,"name":"Shaded","section":"Shading Mode"},"sceneLighting":true,"audioPlay":false,"sceneViewState":{"showFog":true,"showMaterialUpdate":false,"showSkybox":true,"showFlares":true,"showImageEffects":true,"showParticleSystems":true},"in2DMode":false,"pivot":{"x":1743.9698486328125,"y":100.55322265625,"z":344.88427734375},"rotation":{"x":-0.2661387324333191,"y":0.01246460247784853,"z":-0.0034785261377692224,"w":-0.9638881683349609},"size":3.2667505741119386,"orthographic":true}