{"cameraMode":{"drawMode":0,"name":"Shaded","section":"Shading Mode"},"sceneLighting":true,"audioPlay":false,"sceneViewState":{"showFog":true,"showMaterialUpdate":false,"showSkybox":true,"showFlares":true,"showImageEffects":true,"showParticleSystems":true},"in2DMode":false,"pivot":{"x":1861.0352783203125,"y":8.413079261779786,"z":565.4149169921875},"rotation":{"x":0.23839835822582246,"y":-0.7173887491226196,"z":0.2918717861175537,"w":0.5859593152999878},"size":197.44212341308595,"orthographic":true}