{"cameraMode":{"drawMode":0,"name":"Shaded","section":"Shading Mode"},"sceneLighting":false,"audioPlay":false,"sceneViewState":{"showFog":true,"showMaterialUpdate":false,"showSkybox":false,"showFlares":true,"showImageEffects":true,"showParticleSystems":true},"in2DMode":false,"pivot":{"x":-0.24534130096435548,"y":6.980639934539795,"z":-0.4566802978515625},"rotation":{"x":0.027892064303159715,"y":0.758996844291687,"z":0.03256622329354286,"w":-0.6497009992599487},"size":41.7420768737793,"orthographic":false}