{"cameraMode":{"drawMode":0,"name":"Shaded","section":"Shading Mode"},"sceneLighting":true,"audioPlay":false,"sceneViewState":{"showFog":true,"showMaterialUpdate":false,"showSkybox":true,"showFlares":true,"showImageEffects":true,"showParticleSystems":true},"in2DMode":false,"pivot":{"x":1743.4859619140625,"y":72.316162109375,"z":345.6124267578125},"rotation":{"x":0.19503621757030488,"y":-0.5656534433364868,"z":0.13994282484054566,"w":0.7890161275863648},"size":0.8745946288108826,"orthographic":true}