{"cameraMode":{"drawMode":0,"name":"Shaded","section":"Shading Mode"},"sceneLighting":true,"audioPlay":false,"sceneViewState":{"showFog":true,"showMaterialUpdate":false,"showSkybox":true,"showFlares":true,"showImageEffects":true,"showParticleSystems":true},"in2DMode":false,"pivot":{"x":474.0362548828125,"y":35.801055908203128,"z":87.21054077148438},"rotation":{"x":-0.24560213088989259,"y":-0.1041407659649849,"z":0.026516880840063096,"w":-0.9634119868278503},"size":527.1380004882813,"orthographic":false}