{"cameraMode":{"drawMode":0,"name":"Shaded","section":"Shading Mode"},"sceneLighting":false,"audioPlay":false,"sceneViewState":{"showFog":true,"showMaterialUpdate":false,"showSkybox":false,"showFlares":true,"showImageEffects":true,"showParticleSystems":true},"in2DMode":false,"pivot":{"x":-0.46793776750564577,"y":-0.33588626980781557,"z":0.43071770668029787},"rotation":{"x":-0.03157494589686394,"y":0.7752089500427246,"z":0.0388709157705307,"w":0.6297191977500916},"size":16.119657516479493,"orthographic":false}