{"cameraMode":{"drawMode":0,"name":"Shaded","section":"Shading Mode"},"sceneLighting":true,"audioPlay":false,"sceneViewState":{"showFog":true,"showMaterialUpdate":false,"showSkybox":true,"showFlares":true,"showImageEffects":true,"showParticleSystems":true},"in2DMode":false,"pivot":{"x":1733.958251953125,"y":72.20381927490235,"z":350.2805480957031},"rotation":{"x":-0.05896187201142311,"y":0.8814092874526978,"z":-0.11434628814458847,"w":-0.4545098543167114},"size":7.221251487731934,"orthographic":false}