{"cameraMode":{"drawMode":0,"name":"Shaded","section":"Shading Mode"},"sceneLighting":true,"audioPlay":false,"sceneViewState":{"showFog":true,"showMaterialUpdate":false,"showSkybox":true,"showFlares":true,"showImageEffects":true,"showParticleSystems":true},"in2DMode":false,"pivot":{"x":1716.36279296875,"y":68.35911560058594,"z":319.3755798339844},"rotation":{"x":-0.10281943529844284,"y":-0.20672518014907838,"z":0.021849285811185838,"w":-0.9727404117584229},"size":13.730623245239258,"orthographic":false}