{"cameraMode":{"drawMode":0,"name":"Shaded","section":"Shading Mode"},"sceneLighting":true,"audioPlay":false,"sceneViewState":{"showFog":true,"showMaterialUpdate":false,"showSkybox":true,"showFlares":true,"showImageEffects":true,"showParticleSystems":true},"in2DMode":false,"pivot":{"x":1724.5419921875,"y":69.4936294555664,"z":346.1555480957031},"rotation":{"x":-0.3077980577945709,"y":0.4862675964832306,"z":-0.1880359649658203,"w":-0.7959217429161072},"size":3.3044650554656984,"orthographic":true}