{"cameraMode":{"drawMode":0,"name":"Shaded","section":"Shading Mode"},"sceneLighting":true,"audioPlay":false,"sceneViewState":{"showFog":true,"showMaterialUpdate":false,"showSkybox":true,"showFlares":true,"showImageEffects":true,"showParticleSystems":true},"in2DMode":false,"pivot":{"x":1730.888427734375,"y":78.40093231201172,"z":364.2154846191406},"rotation":{"x":0.02975522354245186,"y":0.9340348839759827,"z":-0.07909366488456726,"w":0.34728166460990908},"size":27.240650177001954,"orthographic":true}