{"cameraMode":{"drawMode":0,"name":"Shaded","section":"Shading Mode"},"sceneLighting":true,"audioPlay":false,"sceneViewState":{"showFog":true,"showMaterialUpdate":false,"showSkybox":true,"showFlares":true,"showImageEffects":true,"showParticleSystems":true},"in2DMode":false,"pivot":{"x":1723.2120361328125,"y":69.38831329345703,"z":345.0037841796875},"rotation":{"x":0.17754843831062318,"y":-0.7970474362373352,"z":0.2805088460445404,"w":0.5044915080070496},"size":3.0259976387023927,"orthographic":true}