{"cameraMode":{"drawMode":0,"name":"Shaded","section":"Shading Mode"},"sceneLighting":true,"audioPlay":false,"sceneViewState":{"showFog":true,"showMaterialUpdate":false,"showSkybox":true,"showFlares":true,"showImageEffects":true,"showParticleSystems":true},"in2DMode":false,"pivot":{"x":1743.6519775390625,"y":73.91770935058594,"z":345.1885070800781},"rotation":{"x":0.0992962196469307,"y":-0.7268685102462769,"z":0.1076798141002655,"w":0.6710255146026611},"size":7.757803916931152,"orthographic":true}