{"cameraMode":{"drawMode":0,"name":"Shaded","section":"Shading Mode"},"sceneLighting":true,"audioPlay":false,"sceneViewState":{"showFog":true,"showMaterialUpdate":false,"showSkybox":true,"showFlares":true,"showImageEffects":true,"showParticleSystems":true},"in2DMode":false,"pivot":{"x":1735.318603515625,"y":73.12721252441406,"z":382.1242980957031},"rotation":{"x":0.0992962196469307,"y":-0.7268685102462769,"z":0.1076798141002655,"w":0.6710255146026611},"size":6.931978702545166,"orthographic":true}