{"cameraMode":{"drawMode":0,"name":"Shaded","section":"Shading Mode"},"sceneLighting":true,"audioPlay":false,"sceneViewState":{"showFog":true,"showMaterialUpdate":false,"showSkybox":true,"showFlares":true,"showImageEffects":true,"showParticleSystems":true},"in2DMode":false,"pivot":{"x":1742.83740234375,"y":74.043701171875,"z":345.457275390625},"rotation":{"x":0.23243822157382966,"y":-0.08480014652013779,"z":0.020439084619283677,"w":0.9687267541885376},"size":1.4416366815567017,"orthographic":true}