{"cameraMode":{"drawMode":0,"name":"Shaded","section":"Shading Mode"},"sceneLighting":true,"audioPlay":false,"sceneViewState":{"showFog":true,"showMaterialUpdate":false,"showSkybox":true,"showFlares":true,"showImageEffects":true,"showParticleSystems":true},"in2DMode":false,"pivot":{"x":1728.199951171875,"y":71.20000457763672,"z":358.6000061035156},"rotation":{"x":-0.05542996898293495,"y":-0.10970894992351532,"z":0.006164905149489641,"w":-0.9924131631851196},"size":7.8605732917785648,"orthographic":true}