{"cameraMode":{"drawMode":0,"name":"Shaded","section":"Shading Mode"},"sceneLighting":true,"audioPlay":false,"sceneViewState":{"showFog":true,"showMaterialUpdate":false,"showSkybox":true,"showFlares":true,"showImageEffects":true,"showParticleSystems":true},"in2DMode":false,"pivot":{"x":1723.2120361328125,"y":69.38831329345703,"z":345.0037841796875},"rotation":{"x":0.23839835822582246,"y":-0.7173887491226196,"z":0.2918717861175537,"w":0.5859593152999878},"size":4.3032732009887699,"orthographic":true}