{"cameraMode":{"drawMode":0,"name":"Shaded","section":"Shading Mode"},"sceneLighting":true,"audioPlay":false,"sceneViewState":{"showFog":true,"showMaterialUpdate":false,"showSkybox":true,"showFlares":true,"showImageEffects":true,"showParticleSystems":true},"in2DMode":false,"pivot":{"x":1726.1888427734375,"y":57.21770477294922,"z":349.8265075683594},"rotation":{"x":-0.058115966618061069,"y":0.6707429885864258,"z":-0.05280124768614769,"w":-0.737542986869812},"size":45.49661636352539,"orthographic":true}