{"cameraMode":{"drawMode":0,"name":"Shaded","section":"Shading Mode"},"sceneLighting":true,"audioPlay":false,"sceneViewState":{"showFog":true,"showMaterialUpdate":false,"showSkybox":true,"showFlares":true,"showImageEffects":true,"showParticleSystems":true},"in2DMode":false,"pivot":{"x":1744.3135986328125,"y":73.8511962890625,"z":345.65380859375},"rotation":{"x":0.3805098533630371,"y":-0.592577338218689,"z":0.37368902564048769,"w":0.6037335991859436},"size":4.796030044555664,"orthographic":true}