{"cameraMode":{"drawMode":0,"name":"Shaded","section":"Shading Mode"},"sceneLighting":true,"audioPlay":false,"sceneViewState":{"showFog":true,"showMaterialUpdate":false,"showSkybox":true,"showFlares":true,"showImageEffects":true,"showParticleSystems":true},"in2DMode":false,"pivot":{"x":1744.298583984375,"y":74.2261962890625,"z":345.611572265625},"rotation":{"x":-0.02098444104194641,"y":0.978900671005249,"z":-0.14945881068706513,"w":-0.138013556599617},"size":3.5157089233398439,"orthographic":true}