{"cameraMode":{"drawMode":0,"name":"Shaded","section":"Shading Mode"},"sceneLighting":true,"audioPlay":false,"sceneViewState":{"showFog":true,"showMaterialUpdate":false,"showSkybox":true,"showFlares":true,"showImageEffects":true,"showParticleSystems":true},"in2DMode":false,"pivot":{"x":1761.04443359375,"y":68.96820068359375,"z":350.8079833984375},"rotation":{"x":0.09372983872890473,"y":-0.6461151838302612,"z":0.08055486530065537,"w":0.7532476782798767},"size":3.615340232849121,"orthographic":true}