{"cameraMode":{"drawMode":0,"name":"Shaded","section":"Shading Mode"},"sceneLighting":true,"audioPlay":false,"sceneViewState":{"showFog":true,"showMaterialUpdate":false,"showSkybox":true,"showFlares":true,"showImageEffects":true,"showParticleSystems":true},"in2DMode":false,"pivot":{"x":1431.10400390625,"y":-34.118194580078128,"z":642.6390380859375},"rotation":{"x":0.1457204818725586,"y":-0.4265851676464081,"z":0.06985346227884293,"w":0.8898944854736328},"size":586.8132934570313,"orthographic":false}