{"cameraMode":{"drawMode":0,"name":"Shaded","section":"Shading Mode"},"sceneLighting":true,"audioPlay":false,"sceneViewState":{"showFog":true,"showMaterialUpdate":false,"showSkybox":true,"showFlares":true,"showImageEffects":true,"showParticleSystems":true},"in2DMode":false,"pivot":{"x":1728.9608154296875,"y":72.44801330566406,"z":354.83880615234377},"rotation":{"x":-0.1711723655462265,"y":0.7055185437202454,"z":-0.1821184903383255,"w":-0.6631747484207153},"size":3.5923972129821779,"orthographic":false}