{"cameraMode":{"drawMode":0,"name":"Shaded","section":"Shading Mode"},"sceneLighting":true,"audioPlay":false,"sceneViewState":{"showFog":true,"showMaterialUpdate":false,"showSkybox":true,"showFlares":true,"showImageEffects":true,"showParticleSystems":true},"in2DMode":false,"pivot":{"x":1734.95654296875,"y":12.44462776184082,"z":475.6347961425781},"rotation":{"x":-0.18386703729629517,"y":0.04453748092055321,"z":-0.008360965177416802,"w":-0.9819216728210449},"size":172.54833984375,"orthographic":false}