{"cameraMode":{"drawMode":0,"name":"Shaded","section":"Shading Mode"},"sceneLighting":true,"audioPlay":false,"sceneViewState":{"showFog":true,"showMaterialUpdate":false,"showSkybox":true,"showFlares":true,"showImageEffects":true,"showParticleSystems":true},"in2DMode":false,"pivot":{"x":1738.0755615234375,"y":71.05302429199219,"z":363.3659973144531},"rotation":{"x":-0.0007020010380074382,"y":-0.993624210357666,"z":0.11316056549549103,"w":-0.005161664914339781},"size":7.47638463973999,"orthographic":true}