{"cameraMode":{"drawMode":0,"name":"Shaded","section":"Shading Mode"},"sceneLighting":true,"audioPlay":false,"sceneViewState":{"showFog":true,"showMaterialUpdate":false,"showSkybox":true,"showFlares":true,"showImageEffects":true,"showParticleSystems":true},"in2DMode":false,"pivot":{"x":1721.4600830078125,"y":71.3117446899414,"z":307.0495300292969},"rotation":{"x":-0.07578086107969284,"y":0.8777668476104736,"z":-0.14806827902793885,"w":-0.44930499792099},"size":5.948794841766357,"orthographic":false}