{"cameraMode":{"drawMode":0,"name":"Shaded","section":"Shading Mode"},"sceneLighting":false,"audioPlay":false,"sceneViewState":{"showFog":true,"showMaterialUpdate":false,"showSkybox":false,"showFlares":true,"showImageEffects":true,"showParticleSystems":true},"in2DMode":false,"pivot":{"x":0.9911398887634277,"y":-0.41054272651672366,"z":0.36911988258361819},"rotation":{"x":0.12469251453876496,"y":0.2836180031299591,"z":-0.03722385689616203,"w":0.9500677585601807},"size":7.991237163543701,"orthographic":false}