{"cameraMode":{"drawMode":0,"name":"Shaded","section":"Shading Mode"},"sceneLighting":false,"audioPlay":false,"sceneViewState":{"showFog":true,"showMaterialUpdate":false,"showSkybox":false,"showFlares":true,"showImageEffects":true,"showParticleSystems":true},"in2DMode":false,"pivot":{"x":1.341104507446289e-7,"y":0.08350368589162827,"z":-0.5000002980232239},"rotation":{"x":0.03684981167316437,"y":-0.04645167663693428,"z":0.0017147427424788476,"w":0.9982390403747559},"size":0.559968888759613,"orthographic":false}