{"cameraMode":{"drawMode":0,"name":"Shaded","section":"Shading Mode"},"sceneLighting":true,"audioPlay":false,"sceneViewState":{"showFog":true,"showMaterialUpdate":false,"showSkybox":true,"showFlares":true,"showImageEffects":true,"showParticleSystems":true},"in2DMode":false,"pivot":{"x":1728.199951171875,"y":70.4000015258789,"z":358.6000061035156},"rotation":{"x":0.1999305635690689,"y":-0.016198022291064264,"z":0.0033003243152052166,"w":0.979702889919281},"size":3.777026653289795,"orthographic":false}