{"cameraMode":{"drawMode":0,"name":"Shaded","section":"Shading Mode"},"sceneLighting":true,"audioPlay":false,"sceneViewState":{"showFog":true,"showMaterialUpdate":false,"showSkybox":true,"showFlares":true,"showImageEffects":true,"showParticleSystems":true},"in2DMode":false,"pivot":{"x":1471.98583984375,"y":41.78694152832031,"z":448.81591796875},"rotation":{"x":-0.10283905267715454,"y":-0.896682858467102,"z":0.2880299389362335,"w":-0.3201420307159424},"size":116.12720489501953,"orthographic":false}