{"cameraMode":{"drawMode":0,"name":"Shaded","section":"Shading Mode"},"sceneLighting":true,"audioPlay":false,"sceneViewState":{"showFog":true,"showMaterialUpdate":false,"showSkybox":true,"showFlares":true,"showImageEffects":true,"showParticleSystems":true},"in2DMode":false,"pivot":{"x":2870.158935546875,"y":37.9665641784668,"z":376.69781494140627},"rotation":{"x":-0.017428020015358926,"y":0.9815998673439026,"z":-0.11061007529497147,"w":-0.15468448400497437},"size":6.694324493408203,"orthographic":false}