{"cameraMode":{"drawMode":0,"name":"Shaded","section":"Shading Mode"},"sceneLighting":false,"audioPlay":false,"sceneViewState":{"showFog":true,"showMaterialUpdate":false,"showSkybox":false,"showFlares":true,"showImageEffects":true,"showParticleSystems":true},"in2DMode":false,"pivot":{"x":0.0017808573320508004,"y":0.47085440158843996,"z":-0.007331091910600662},"rotation":{"x":-0.3361937403678894,"y":0.06830178946256638,"z":-0.024494480341672899,"w":-0.9390232563018799},"size":8.630524635314942,"orthographic":false}