{"cameraMode":{"drawMode":0,"name":"Shaded","section":"Shading Mode"},"sceneLighting":true,"audioPlay":false,"sceneViewState":{"showFog":true,"showMaterialUpdate":false,"showSkybox":true,"showFlares":true,"showImageEffects":true,"showParticleSystems":true},"in2DMode":false,"pivot":{"x":1773.374267578125,"y":74.74713897705078,"z":418.4894104003906},"rotation":{"x":-0.0389833077788353,"y":-0.2949844300746918,"z":0.01203467883169651,"w":-0.9546448588371277},"size":82.51597595214844,"orthographic":false}