{"cameraMode":{"drawMode":0,"name":"Shaded","section":"Shading Mode"},"sceneLighting":false,"audioPlay":false,"sceneViewState":{"showFog":true,"showMaterialUpdate":false,"showSkybox":false,"showFlares":true,"showImageEffects":true,"showParticleSystems":true},"in2DMode":false,"pivot":{"x":1718.18603515625,"y":69.37781524658203,"z":343.4878234863281},"rotation":{"x":0.2027188241481781,"y":-0.2336207628250122,"z":0.04988718777894974,"w":0.9496721625328064},"size":5.20732307434082,"orthographic":false}