{"cameraMode":{"drawMode":0,"name":"Shaded","section":"Shading Mode"},"sceneLighting":true,"audioPlay":false,"sceneViewState":{"showFog":true,"showMaterialUpdate":false,"showSkybox":true,"showFlares":true,"showImageEffects":true,"showParticleSystems":true},"in2DMode":false,"pivot":{"x":1723.3927001953125,"y":67.42965698242188,"z":355.89617919921877},"rotation":{"x":0.1809895932674408,"y":-0.5161122679710388,"z":0.11261702328920365,"w":0.8295986652374268},"size":31.860658645629884,"orthographic":false}