{"cameraMode":{"drawMode":0,"name":"Shaded","section":"Shading Mode"},"sceneLighting":true,"audioPlay":false,"sceneViewState":{"showFog":true,"showMaterialUpdate":false,"showSkybox":true,"showFlares":true,"showImageEffects":true,"showParticleSystems":true},"in2DMode":false,"pivot":{"x":2466.8076171875,"y":69.63500213623047,"z":741.475830078125},"rotation":{"x":-0.06436184793710709,"y":0.3684508800506592,"z":-0.025568976998329164,"w":-0.9270725250244141},"size":3.67164945602417,"orthographic":false}