{"cameraMode":{"drawMode":0,"name":"Shaded","section":"Shading Mode"},"sceneLighting":true,"audioPlay":false,"sceneViewState":{"showFog":true,"showMaterialUpdate":false,"showSkybox":true,"showFlares":true,"showImageEffects":true,"showParticleSystems":true},"in2DMode":false,"pivot":{"x":972.2073364257813,"y":131.32899475097657,"z":1728.1527099609375},"rotation":{"x":0.26141786575317385,"y":0.07030048966407776,"z":-0.019090797752141954,"w":0.9624807238578796},"size":22.43541717529297,"orthographic":false}
