{"cameraMode":{"drawMode":0,"name":"Shaded","section":"Shading Mode"},"sceneLighting":true,"audioPlay":false,"sceneViewState":{"showFog":true,"showMaterialUpdate":false,"showSkybox":true,"showFlares":true,"showImageEffects":true,"showParticleSystems":true},"in2DMode":false,"pivot":{"x":1779.69677734375,"y":-454.4056396484375,"z":91.3289794921875},"rotation":{"x":0.3265739977359772,"y":-0.10465171188116074,"z":0.03642118349671364,"w":0.9386882185935974},"size":3696.408447265625,"orthographic":false}