{"cameraMode":{"drawMode":0,"name":"Shaded","section":"Shading Mode"},"sceneLighting":true,"audioPlay":false,"sceneViewState":{"showFog":true,"showMaterialUpdate":false,"showSkybox":true,"showFlares":true,"showImageEffects":true,"showParticleSystems":true},"in2DMode":false,"pivot":{"x":1726.345703125,"y":70.58650207519531,"z":355.4521484375},"rotation":{"x":-0.015203296206891537,"y":0.9840322732925415,"z":-0.10401172190904618,"w":-0.1438649445772171},"size":7.264799118041992,"orthographic":false}