{"cameraMode":{"drawMode":0,"name":"Shaded","section":"Shading Mode"},"sceneLighting":false,"audioPlay":false,"sceneViewState":{"showFog":true,"showMaterialUpdate":false,"showSkybox":false,"showFlares":true,"showImageEffects":true,"showParticleSystems":true},"in2DMode":false,"pivot":{"x":-2.682209014892578e-7,"y":0.4175180494785309,"z":1.0000004768371583},"rotation":{"x":0.05896802991628647,"y":0.20661263167858125,"z":-0.012476258911192418,"w":0.9765677452087402},"size":1.461503267288208,"orthographic":false}