{"cameraMode":{"drawMode":0,"name":"Shaded","section":"Shading Mode"},"sceneLighting":true,"audioPlay":false,"sceneViewState":{"showFog":true,"showMaterialUpdate":false,"showSkybox":true,"showFlares":true,"showImageEffects":true,"showParticleSystems":true},"in2DMode":false,"pivot":{"x":1275.7822265625,"y":358.6160583496094,"z":2340.711669921875},"rotation":{"x":0.012303332798182965,"y":0.030304016545414926,"z":-0.00037370240897871554,"w":0.9994686841964722},"size":3912.095703125,"orthographic":false}