{"cameraMode":{"drawMode":0,"name":"Shaded","section":"Shading Mode"},"sceneLighting":true,"audioPlay":false,"sceneViewState":{"showFog":true,"showMaterialUpdate":false,"showSkybox":true,"showFlares":true,"showImageEffects":true,"showParticleSystems":true},"in2DMode":false,"pivot":{"x":2881.77001953125,"y":39.900001525878909,"z":532.7000122070313},"rotation":{"x":-0.10590595006942749,"y":-0.8914633393287659,"z":0.27313604950904848,"w":-0.34565624594688418},"size":62.42082595825195,"orthographic":false}