{"cameraMode":{"drawMode":0,"name":"Shaded","section":"Shading Mode"},"sceneLighting":false,"audioPlay":false,"sceneViewState":{"showFog":true,"showMaterialUpdate":false,"showSkybox":false,"showFlares":true,"showImageEffects":true,"showParticleSystems":true},"in2DMode":false,"pivot":{"x":29.969863891601564,"y":14.899999618530274,"z":65.31481170654297},"rotation":{"x":0.0902227833867073,"y":-0.8807665705680847,"z":0.18663230538368226,"w":0.42577582597732546},"size":46.190425872802737,"orthographic":false}