{"cameraMode":{"drawMode":0,"name":"Shaded","section":"Shading Mode"},"sceneLighting":true,"audioPlay":false,"sceneViewState":{"showFog":true,"showMaterialUpdate":false,"showSkybox":true,"showFlares":true,"showImageEffects":true,"showParticleSystems":true},"in2DMode":false,"pivot":{"x":1727.2486572265625,"y":71.00293731689453,"z":358.0129089355469},"rotation":{"x":-0.038496483117341998,"y":0.8210728168487549,"z":-0.055759135633707049,"w":-0.5668002367019653},"size":1.8627525568008423,"orthographic":false}