{"cameraMode":{"drawMode":0,"name":"Shaded","section":"Shading Mode"},"sceneLighting":true,"audioPlay":false,"sceneViewState":{"showFog":true,"showMaterialUpdate":false,"showSkybox":true,"showFlares":true,"showImageEffects":true,"showParticleSystems":true},"in2DMode":false,"pivot":{"x":1654.96240234375,"y":42.8626708984375,"z":336.3910217285156},"rotation":{"x":0.2288808822631836,"y":-0.05545627698302269,"z":0.013062230311334134,"w":0.9717890024185181},"size":118.56969451904297,"orthographic":false}