{"cameraMode":{"drawMode":0,"name":"Shaded","section":"Shading Mode"},"sceneLighting":true,"audioPlay":false,"sceneViewState":{"showFog":true,"showMaterialUpdate":false,"showSkybox":true,"showFlares":true,"showImageEffects":true,"showParticleSystems":true},"in2DMode":false,"pivot":{"x":578.3067016601563,"y":499.41552734375,"z":62.14504623413086},"rotation":{"x":0.15681369602680207,"y":0.06512853503227234,"z":-0.010363413020968438,"w":0.9854263067245483},"size":40.68781280517578,"orthographic":false}