{"cameraMode":{"drawMode":0,"name":"Shaded","section":"Shading Mode"},"sceneLighting":true,"audioPlay":false,"sceneViewState":{"showFog":true,"showMaterialUpdate":false,"showSkybox":true,"showFlares":true,"showImageEffects":true,"showParticleSystems":true},"in2DMode":false,"pivot":{"x":1056.1046142578125,"y":40.82760238647461,"z":1431.8463134765625},"rotation":{"x":0.01485955435782671,"y":-0.2405923306941986,"z":0.0036827006842941047,"w":0.9705080986022949},"size":19.169918060302736,"orthographic":false}