{"cameraMode":{"drawMode":0,"name":"Shaded","section":"Shading Mode"},"sceneLighting":true,"audioPlay":false,"sceneViewState":{"showFog":true,"showMaterialUpdate":false,"showSkybox":true,"showFlares":true,"showImageEffects":true,"showParticleSystems":true},"in2DMode":false,"pivot":{"x":1373.81787109375,"y":84.90476989746094,"z":533.501220703125},"rotation":{"x":-0.038496483117341998,"y":0.8210728168487549,"z":-0.055759135633707049,"w":-0.5668002367019653},"size":92.77497863769531,"orthographic":false}