{"cameraMode":{"drawMode":0,"name":"Shaded","section":"Shading Mode"},"sceneLighting":true,"audioPlay":false,"sceneViewState":{"showFog":true,"showMaterialUpdate":false,"showSkybox":true,"showFlares":true,"showImageEffects":true,"showParticleSystems":true},"in2DMode":false,"pivot":{"x":1581.0506591796875,"y":35.578792572021487,"z":135.3817596435547},"rotation":{"x":-0.15797023475170136,"y":0.03022322803735733,"z":-0.004837340209633112,"w":-0.9869709014892578},"size":47.0560302734375,"orthographic":false}