{"cameraMode":{"drawMode":0,"name":"Shaded","section":"Shading Mode"},"sceneLighting":true,"audioPlay":false,"sceneViewState":{"showFog":true,"showMaterialUpdate":false,"showSkybox":true,"showFlares":true,"showImageEffects":true,"showParticleSystems":true},"in2DMode":false,"pivot":{"x":107.64646911621094,"y":32.2247314453125,"z":311.8965759277344},"rotation":{"x":0.0070632644928991798,"y":0.8077892661094666,"z":-0.5893540978431702,"w":0.009682969190180302},"size":1207.056396484375,"orthographic":false}