{"cameraMode":{"drawMode":0,"name":"Shaded","section":"Shading Mode"},"sceneLighting":true,"audioPlay":false,"sceneViewState":{"showFog":true,"showMaterialUpdate":false,"showSkybox":true,"showFlares":true,"showImageEffects":true,"showParticleSystems":true},"in2DMode":false,"pivot":{"x":158.68316650390626,"y":37.0,"z":1580.33447265625},"rotation":{"x":0.15681369602680207,"y":0.06512853503227234,"z":-0.010363413020968438,"w":0.9854263067245483},"size":1562.3699951171875,"orthographic":false}