{"cameraMode":{"drawMode":0,"name":"Shaded","section":"Shading Mode"},"sceneLighting":true,"audioPlay":false,"sceneViewState":{"showFog":true,"showMaterialUpdate":false,"showSkybox":true,"showFlares":true,"showImageEffects":true,"showParticleSystems":true},"in2DMode":false,"pivot":{"x":1281.5521240234375,"y":-1655.90576171875,"z":1747.463134765625},"rotation":{"x":0.2697423994541168,"y":0.034955333918333057,"z":-0.009799683466553688,"w":0.9622518420219421},"size":4842.39208984375,"orthographic":false}