{"cameraMode":{"drawMode":0,"name":"Shaded","section":"Shading Mode"},"sceneLighting":true,"audioPlay":false,"sceneViewState":{"showFog":true,"showMaterialUpdate":false,"showSkybox":true,"showFlares":true,"showImageEffects":true,"showParticleSystems":true},"in2DMode":false,"pivot":{"x":850.6585083007813,"y":353.9712829589844,"z":-130.9935302734375},"rotation":{"x":0.004190003965049982,"y":0.01109684444963932,"z":0.00004653119685826823,"w":-0.9999303817749023},"size":295.4364929199219,"orthographic":false}