{"cameraMode":{"drawMode":0,"name":"Shaded","section":"Shading Mode"},"sceneLighting":true,"audioPlay":false,"sceneViewState":{"showFog":true,"showMaterialUpdate":false,"showSkybox":true,"showFlares":true,"showImageEffects":true,"showParticleSystems":true},"in2DMode":false,"pivot":{"x":2263.97607421875,"y":-352.370361328125,"z":1421.65576171875},"rotation":{"x":0.1911269873380661,"y":-0.32511818408966067,"z":0.06719310581684113,"w":0.9237494468688965},"size":611.6295776367188,"orthographic":true}