{"cameraMode":{"drawMode":0,"name":"Shaded","section":"Shading Mode"},"sceneLighting":false,"audioPlay":false,"sceneViewState":{"showFog":true,"showMaterialUpdate":false,"showSkybox":false,"showFlares":true,"showImageEffects":true,"showParticleSystems":true},"in2DMode":false,"pivot":{"x":-0.052226316183805469,"y":0.08350345492362976,"z":-0.996026337146759},"rotation":{"x":0.05896802991628647,"y":0.20661263167858125,"z":-0.012476258911192418,"w":0.9765677452087402},"size":0.33206677436828616,"orthographic":false}